{
  "Logistic Regression": {
    "accuracy": 0.8908045977011494,
    "precision": 0.8617021276595744,
    "recall": 0.9310344827586207,
    "f1_score": 0.8950276243093922
  },
  "Random Forest": {
    "accuracy": 0.9942528735632183,
    "precision": 0.9886363636363636,
    "recall": 1.0,
    "f1_score": 0.9942857142857142
  },
  "Gradient Boosting": {
    "accuracy": 0.9942528735632183,
    "precision": 0.9886363636363636,
    "recall": 1.0,
    "f1_score": 0.9942857142857142
  },
  "Decision Tree": {
    "accuracy": 0.9942528735632183,
    "precision": 0.9886363636363636,
    "recall": 1.0,
    "f1_score": 0.9942857142857142
  },
  "SVM": {
    "accuracy": 0.8333333333333334,
    "precision": 0.8536585365853658,
    "recall": 0.8045977011494253,
    "f1_score": 0.8284023668639052
  },
  "K-Nearest Neighbors": {
    "accuracy": 0.7528735632183908,
    "precision": 0.75,
    "recall": 0.7586206896551724,
    "f1_score": 0.7542857142857142
  }
}